amfi_code,alpha,beta
100016,-0.03131164040908977,-0.05826843143880895
100025,-0.022106795494429798,0.0011582183155281454
100033,0.20728527419183765,0.005103525830528332
101206,0.15036845831677045,0.021086316250128002
101207,0.03972711790461688,-0.06528924788351528
101208,-0.004121205912709005,0.00026670968338238335
102885,0.10422092696431112,-0.019486785689474546
102886,-0.0387687290200437,-0.042125029021894314
102887,0.09819694275378767,0.016682689437770855
118632,0.1527509799578339,-0.00835383212696199
118633,0.08905682404498708,-0.036639006718609354
118634,0.11673449815548213,0.10349663691337586
118635,0.08627036759205668,-0.0014335213897801024
118636,-0.01417058617248383,0.0012566742731558612
119092,0.004627796641850479,0.009730745001153628
119093,0.019010421760826984,0.025883212440093145
119094,0.1914594379395998,-0.06626542862803761
119095,-0.021335872713794436,-0.06695117463929204
119120,-0.00920794813095428,-0.006413850728276463
119551,0.1649462279323217,-0.03175144113890976
119552,0.1319856386802512,-0.026159307513513433
119598,0.23686190983696934,-0.023196062044059704
119599,-0.012145666769586502,0.06200180438267165
120503,0.10941554175440239,-0.040268952369820595
120504,0.1480033611697494,0.016232169761416993
120505,0.22767151869380162,0.0005490042506317006
120506,0.10026180287713816,0.041896462728119754
120507,0.0024332380898522943,-0.00044409263297072243
120841,0.06779241044349744,0.03635639902219981
120842,0.014218085585078477,0.018056874208118145
120843,0.20682072834655282,-0.022829569792426566
120844,-0.00046927342180611736,-0.00040074423947840073
125497,0.11547087555219017,0.048820404259577406
125498,0.055479546532592745,0.009054412621739154
148567,0.2063769456941108,0.023683558075848626
148568,0.14201489907307357,-0.02638771994384303
148569,0.21888238099010907,0.018133884083859218
149322,0.06646863463754386,-0.004050271130006518
149323,0.20082178011722499,-0.0025230046646992563
149324,0.23632336710720153,0.011455159960520721
