amfi_code,cagr_1y,cagr_3y,cagr_5y,sharpe_ratio,sortino_ratio,alpha,beta,max_drawdown,scheme_name,fund_house,category,score_cagr,score_sharpe,score_alpha,score_drawdown,fund_score
100016,-0.022257773892688015,0.012923525892154508,,-0.3210192604995431,-0.36895189143289925,-0.03131164040908977,-0.05826843143880895,-0.24734440880673303,HDFC Top 100 Fund - Regular Plan - Growth,HDFC Mutual Fund,Equity,0.875,0.85,0.975,0.85,0.88375
100025,0.03707552701889649,0.03915479354684703,,-1.0399413574427758,-1.1620079349528039,-0.022106795494429798,0.0011582183155281454,-0.04308263824636327,HDFC Short Term Debt Fund - Regular - Growth,HDFC Mutual Fund,Debt,0.85,0.925,0.95,0.1,0.7799999999999999
100033,0.5327719549540499,0.3243397122906222,,0.8082678003905593,0.9527415872393143,0.20728527419183765,0.005103525830528332,-0.16217208574644837,HDFC Mid-Cap Opportunities Fund - Regular - Growth,HDFC Mutual Fund,Equity,0.1,0.175,0.125,0.5,0.1875
101206,0.4796379447633372,0.28960211096593724,,0.717408995989017,0.8555633915438923,0.15036845831677045,0.021086316250128002,-0.11291596329323095,ABSL Frontline Equity Fund - Regular - Growth,Aditya Birla Sun Life MF,Equity,0.225,0.25,0.3,0.225,0.2475
101207,-0.24000309180292634,-0.04151453816140693,,0.052618136475855025,0.060581260418376394,0.03972711790461688,-0.06528924788351528,-0.35446916493366043,ABSL Small Cap Fund - Regular - Growth,Aditya Birla Sun Life MF,Equity,0.975,0.675,0.675,0.95,0.8212499999999999
101208,0.07241777200393584,0.06314299292105274,,-4.650400707150914,-4.505170065919592,-0.004121205912709005,0.00026670968338238335,-0.0016224980244715637,ABSL Liquid Fund - Regular - Growth,Aditya Birla Sun Life MF,Debt,0.775,1.0,0.825,0.075,0.7475
102885,0.20222858595384663,0.19662361245910964,,0.5197971450361778,0.6126629617222967,0.10422092696431112,-0.019486785689474546,-0.10859862152502298,UTI Nifty 50 Index Fund - Regular - Growth,UTI Mutual Fund,Equity,0.45,0.4,0.475,0.175,0.39874999999999994
102886,-0.16807959958672036,-0.007672319440258146,,-0.2948889128510891,-0.32810868948928595,-0.0387687290200437,-0.042125029021894314,-0.2800112356639297,UTI Mid Cap Fund - Regular - Growth,UTI Mutual Fund,Equity,0.925,0.825,1.0,0.875,0.9025
102887,0.1359304393755194,0.25549670172502026,,0.3846373345033844,0.4564795311451646,0.09819694275378767,0.016682689437770855,-0.21285398874796857,UTI Flexi Cap Fund - Regular - Growth,UTI Mutual Fund,Equity,0.325,0.55,0.525,0.75,0.49625
118632,0.340078958236512,0.22646647456747715,,0.7588510310771438,0.8920061571045071,0.1527509799578339,-0.00835383212696199,-0.17414075086657277,Nippon India Large Cap Fund - Regular - Growth,Nippon India MF,Equity,0.35,0.2,0.275,0.575,0.32375
118633,0.25559539940517384,0.21084691029380598,,0.3888288460001742,0.46623179756925537,0.08905682404498708,-0.036639006718609354,-0.18629743138595556,Nippon India Large Cap Fund - Direct - Growth,Nippon India MF,Equity,0.375,0.525,0.55,0.65,0.49624999999999997
118634,0.158228664455887,0.080060298597036,,0.29234325101099307,0.33541881150677794,0.11673449815548213,0.10349663691337586,-0.23344886144833177,Nippon India Small Cap Fund - Regular - Growth,Nippon India MF,Equity,0.675,0.575,0.4,0.8,0.6087499999999999
118635,0.22510248103762276,0.2000321571698329,,0.39318819691240553,0.4602259962070732,0.08627036759205668,-0.0014335213897801024,-0.11511457598975472,Nippon India ETF Nifty 50 BeES,Nippon India MF,Equity,0.425,0.5,0.575,0.25,0.45124999999999993
118636,0.1046246278808034,0.04061259859840338,,-0.8505789759662294,-0.9524094486176654,-0.01417058617248383,0.0012566742731558612,-0.0831636176363858,Nippon India Gilt Securities Fund - Regular - Growth,Nippon India MF,Debt,0.825,0.9,0.9,0.15,0.76125
119092,0.0161022963455828,0.005257668501786883,,-0.13100916883965188,-0.1497535147862867,0.004627796641850479,0.009730745001153628,-0.1440161790933725,Axis Bluechip Fund - Regular - Growth,Axis Mutual Fund,Equity,0.9,0.75,0.75,0.4,0.75
119093,0.19781538524100495,0.20811559826631898,,-0.04707325681075911,-0.05336478842486623,0.019010421760826984,0.025883212440093145,-0.21751396370148146,Axis Bluechip Fund - Direct - Growth,Axis Mutual Fund,Equity,0.4,0.7,0.7,0.775,0.60625
119094,0.22277897154308546,0.35102527889035406,,0.7305467735561727,0.8763933449052783,0.1914594379395998,-0.06626542862803761,-0.20960883862039204,Axis Midcap Fund - Regular - Growth,Axis Mutual Fund,Equity,0.025,0.225,0.225,0.7,0.22625
119095,-0.42819495166622135,-0.11703299329834216,,-0.15165815861644155,-0.1727019874621536,-0.021335872713794436,-0.06695117463929204,-0.5167775370852661,Axis Small Cap Fund - Regular - Growth,Axis Mutual Fund,Equity,1.0,0.8,0.925,0.975,0.92125
119120,0.05525880326360788,0.05838988442093762,,-0.7430986305648412,-0.8387739730916173,-0.00920794813095428,-0.006413850728276463,-0.04328728923970038,SBI Magnum Gilt Fund - Regular Plan - Growth,SBI Mutual Fund,Debt,0.8,0.875,0.85,0.125,0.7312500000000001
119551,0.6048929711840034,0.3044861306002782,,0.8609773262277756,1.0344470587781749,0.1649462279323217,-0.03175144113890976,-0.15012385498645375,SBI Bluechip Fund - Regular Plan - Growth,SBI Mutual Fund,Equity,0.15,0.125,0.25,0.425,0.20375000000000001
119552,0.057101178520777784,0.16263375081360643,,0.6482414723266906,0.7631477043260386,0.1319856386802512,-0.026159307513513433,-0.11803493502764328,SBI Bluechip Fund - Direct Plan - Growth,SBI Mutual Fund,Equity,0.575,0.35,0.375,0.275,0.4225
119598,0.8285157468100046,0.2666309129954312,,0.7116901743847246,0.8489456260883759,0.23686190983696934,-0.023196062044059704,-0.28706005721764627,SBI Small Cap Fund - Regular Plan - Growth,SBI Mutual Fund,Equity,0.3,0.325,0.025,0.9,0.3425
119599,0.13957994357447734,-0.01337083602283895,,-0.13617811182970377,-0.15299200468517096,-0.012145666769586502,0.06200180438267165,-0.5257422117012853,SBI Small Cap Fund - Direct Plan - Growth,SBI Mutual Fund,Equity,0.95,0.775,0.875,1.0,0.89
120503,0.08495135972254553,0.13974980348212673,,0.5165503915082101,0.6054982702237414,0.10941554175440239,-0.040268952369820595,-0.1389786282306159,ICICI Pru Bluechip Fund - Regular - Growth,ICICI Prudential MF,Equity,0.625,0.425,0.45,0.35,0.48875
120504,0.13073788394478303,0.32478927222623,,0.7146822636441237,0.8408198644801657,0.1480033611697494,0.016232169761416993,-0.1258827560692246,ICICI Pru Bluechip Fund - Direct - Growth,ICICI Prudential MF,Equity,0.075,0.275,0.325,0.3,0.21875
120505,0.29627681171526876,0.3176924285223732,,0.8832556184698839,1.0608282228311865,0.22767151869380162,0.0005490042506317006,-0.18188513572116338,ICICI Pru Midcap Fund - Regular - Growth,ICICI Prudential MF,Equity,0.125,0.1,0.075,0.625,0.1825
120506,0.4185299002066023,0.18417429266835228,,0.40461547832920475,0.4714936004531751,0.10026180287713816,0.041896462728119754,-0.19825658262982693,ICICI Pru Value Discovery Fund - Regular - Growth,ICICI Prudential MF,Equity,0.5,0.475,0.5,0.675,0.51875
120507,0.07430320855847317,0.07392538786263403,,-3.6501838785684795,-3.6792133066814827,0.0024332380898522943,-0.00044409263297072243,-0.0009773140045926665,ICICI Pru Liquid Fund - Regular - Growth,ICICI Prudential MF,Debt,0.725,0.95,0.775,0.025,0.6975
120841,0.1684955152939842,0.1726301444443794,,0.25511741256223125,0.2951094171775204,0.06779241044349744,0.03635639902219981,-0.1757361416468739,Kotak Bluechip Fund - Regular - Growth,Kotak Mahindra MF,Equity,0.55,0.6,0.6,0.6,0.5825
120842,0.22518986942465924,0.0775416750547262,,-0.058166811414922526,-0.06510721907930217,0.014218085585078477,0.018056874208118145,-0.24003511326274685,Kotak Emerging Equity Fund - Regular - Growth,Kotak Mahindra MF,Equity,0.7,0.725,0.725,0.825,0.73125
120843,0.2667758391882715,0.2957511058901836,,0.965560651744012,1.1751980544499643,0.20682072834655282,-0.022829569792426566,-0.1297396816518681,Kotak Flexicap Fund - Regular - Growth,Kotak Mahindra MF,Equity,0.175,0.05,0.15,0.325,0.15499999999999997
120844,0.07125369741102916,0.06694394239074852,,-4.000348969233409,-4.001133262568336,-0.00046927342180611736,-0.00040074423947840073,-0.0011629327956168556,Kotak Liquid Fund - Regular - Growth,Kotak Mahindra MF,Debt,0.75,0.975,0.8,0.05,0.7224999999999999
125497,0.286975804558778,0.18429918008610047,,0.5062729716095955,0.5983806646671718,0.11547087555219017,0.048820404259577406,-0.15200013055606387,HDFC Top 100 Fund - Direct Plan - Growth,HDFC Mutual Fund,Equity,0.475,0.45,0.425,0.45,0.45375000000000004
125498,0.15455077019290386,0.11242518737374207,,0.13479784106103954,0.15324761635710593,0.055479546532592745,0.009054412621739154,-0.21117279560132163,HDFC Mid-Cap Opportunities Fund - Direct - Growth,HDFC Mutual Fund,Equity,0.65,0.65,0.65,0.725,0.66125
148567,0.2037595706234765,0.33991970400445304,,1.0682238272314732,1.2537858357425327,0.2063769456941108,0.023683558075848626,-0.1126572907502823,Mirae Asset Large Cap Fund - Regular - Growth,Mirae Asset MF,Equity,0.05,0.025,0.175,0.2,0.09
148568,0.14279834500870736,0.14744434832760533,,0.6406730942266642,0.7561183284694304,0.14201489907307357,-0.02638771994384303,-0.1527259422823477,Mirae Asset Emerging Bluechip Fund - Regular - Growth,Mirae Asset MF,Equity,0.6,0.375,0.35,0.475,0.46375
148569,0.3978380253854239,0.2917135767741186,,0.9190465356358282,1.1086260296443378,0.21888238099010907,0.018133884083859218,-0.16396742946932696,Mirae Asset Tax Saver Fund - Regular - Growth,Mirae Asset MF,Equity,0.2,0.075,0.1,0.525,0.19125
149322,0.1812461925339035,0.1803973982038829,,0.2396633677728517,0.27529714044262227,0.06646863463754386,-0.004050271130006518,-0.14111986534883092,DSP Top 100 Equity Fund - Regular - Growth,DSP Mutual Fund,Equity,0.525,0.625,0.625,0.375,0.5525
149323,0.21497414349538224,0.26863103668817145,,0.8328852279505965,0.9647651999921881,0.20082178011722499,-0.0025230046646992563,-0.17248105753451415,DSP Midcap Fund - Regular - Growth,DSP Mutual Fund,Equity,0.275,0.15,0.2,0.55,0.26375
149324,0.6519546577826334,0.2699350260734621,,0.7144216579881013,0.8488773343941675,0.23632336710720153,0.011455159960520721,-0.3117190030063417,DSP Small Cap Fund - Regular - Growth,DSP Mutual Fund,Equity,0.25,0.3,0.05,0.925,0.32625000000000004
